timestamp,accX,accY,accZ,gyrX,gyrY,gyrZ,magX,magY,magZ
1390589876.15,-0.0016,0.0132,0.0048,0.4094,0.2574,0.4714,0.579750346740638,0.2524271844660194,-0.6685159500693482
1390589876.16,-0.0016,0.013,0.0048,0.4094,0.2574,0.4714,0.579750346740638,0.27461858529819694,-0.6740638002773925
1390589876.17,-0.0016,0.013,0.0048,0.4094,0.2572,0.4714,0.5769764216366158,0.29680998613037446,-0.6629680998613038
1390589876.17,-0.0016,0.013,0.0048,0.4094,0.2574,0.4714,0.5769764216366158,0.29680998613037446,-0.6629680998613038
1390589876.18,-0.0016,0.013,0.005,0.4092,0.2574,0.4712,0.5603328710124826,0.2829403606102635,-0.6823855755894591
1390589876.18,-0.0016,0.013,0.005,0.4094,0.2572,0.4712,0.5603328710124826,0.2829403606102635,-0.6823855755894591
1390589876.19,-0.0016,0.013,0.005,0.4094,0.2572,0.4714,0.5769764216366158,0.2857142857142857,-0.6601941747572816
1390589876.2,-0.0014,0.013,0.005,0.4094,0.2572,0.4714,0.5769764216366158,0.2857142857142857,-0.6601941747572816
1390589876.2,-0.0016,0.013,0.005,0.4094,0.2574,0.4716,0.5769764216366158,0.2857142857142857,-0.6601941747572816
1390589876.21,-0.0014,0.013,0.0048,0.4094,0.2574,0.4718,0.5742024965325936,0.2635228848821082,-0.6712898751733704
1390589876.24,-0.0014,0.0132,0.0048,0.4094,0.2574,0.4718,0.5686546463245492,0.2801664355062413,-0.6823855755894591
1390589876.25,-0.0016,0.013,0.0048,0.4094,0.2576,0.4718,0.5686546463245492,0.2801664355062413,-0.6823855755894591
1390589876.26,-0.0016,0.013,0.005,0.4094,0.2574,0.4718,0.5714285714285714,0.27461858529819694,-0.651872399445215
1390589876.27,-0.0016,0.013,0.0048,0.4096,0.2574,0.4716,0.5714285714285714,0.27461858529819694,-0.651872399445215
1390589876.27,-0.0016,0.0128,0.0048,0.4094,0.2574,0.4718,0.579750346740638,0.26907073509015256,-0.6546463245492372
1390589876.28,-0.0016,0.0128,0.0048,0.4094,0.2576,0.4716,0.579750346740638,0.26907073509015256,-0.6546463245492372
1390589876.29,-0.0014,0.0128,0.0048,0.4094,0.2574,0.4716,0.5742024965325936,0.27184466019417475,-0.6712898751733704
1390589876.29,-0.0016,0.013,0.0048,0.4094,0.2574,0.4718,0.5742024965325936,0.27184466019417475,-0.6712898751733704
1390589876.3,-0.0014,0.0128,0.0048,0.4094,0.2574,0.4716,0.565880721220527,0.26907073509015256,-0.6879334257975035
1390589876.3,-0.0014,0.0128,0.0048,0.4094,0.2574,0.4714,0.565880721220527,0.26907073509015256,-0.6879334257975035
1390589876.31,-0.0014,0.0128,0.0048,0.4092,0.2572,0.4716,0.5714285714285714,0.29680998613037446,-0.6851595006934813
1390589876.32,-0.0014,0.0128,0.005,0.4094,0.2574,0.4714,0.5714285714285714,0.29680998613037446,-0.6851595006934813
1390589876.32,-0.0014,0.0128,0.0048,0.4094,0.2574,0.4716,0.5714285714285714,0.29680998613037446,-0.6851595006934813
1390589876.33,-0.0016,0.013,0.005,0.4096,0.2574,0.4716,0.5908460471567267,0.27461858529819694,-0.6796116504854369
1390589876.34,-0.0016,0.013,0.005,0.4094,0.2574,0.4716,0.5742024965325936,0.2857142857142857,-0.6768377253814147
1390589876.35,-0.0018,0.013,0.0048,0.4096,0.2574,0.4716,0.5742024965325936,0.2857142857142857,-0.6768377253814147
1390589876.35,-0.0018,0.013,0.005,0.4094,0.2572,0.4714,0.5631067961165048,0.27184466019417475,-0.6685159500693482
1390589876.36,-0.0018,0.013,0.005,0.4094,0.2574,0.4714,0.5631067961165048,0.27184466019417475,-0.6685159500693482
1390589876.37,-0.0018,0.013,0.005,0.4094,0.2574,0.4716,0.5880721220527045,0.27184466019417475,-0.6823855755894591
1390589876.38,-0.0018,0.013,0.005,0.4094,0.2574,0.4714,0.5631067961165048,0.2884882108183079,-0.6823855755894591
1390589876.38,-0.0016,0.013,0.005,0.4094,0.2572,0.4716,0.5631067961165048,0.2884882108183079,-0.6823855755894591
1390589876.39,-0.0016,0.013,0.005,0.4096,0.2574,0.4716,0.5631067961165048,0.2884882108183079,-0.6823855755894591
1390589876.39,-0.0014,0.013,0.005,0.4094,0.2574,0.4714,0.579750346740638,0.29403606102635227,-0.6740638002773925
1390589876.4,-0.0014,0.013,0.0048,0.4094,0.2574,0.4716,0.579750346740638,0.29403606102635227,-0.6740638002773925
1390589876.4,-0.0014,0.0128,0.0048,0.4092,0.2574,0.4714,0.5742024965325936,0.2829403606102635,-0.6962552011095701
1390589876.41,-0.0014,0.0128,0.005,0.4094,0.2574,0.4716,0.5742024965325936,0.2829403606102635,-0.6962552011095701
1390589876.42,-0.0016,0.0128,0.0048,0.4094,0.2572,0.4716,0.5852981969486823,0.27184466019417475,-0.665742024965326
1390589876.43,-0.0016,0.013,0.0048,0.4094,0.2574,0.4714,0.5880721220527045,0.27461858529819694,-0.6823855755894591
1390589876.45,-0.0014,0.0128,0.0048,0.4094,0.2576,0.4718,0.5880721220527045,0.27461858529819694,-0.6823855755894591
1390589876.46,-0.0016,0.013,0.0048,0.4094,0.2574,0.4718,0.5631067961165048,0.27739251040221913,-0.6962552011095701
1390589876.47,-0.0014,0.013,0.0048,0.4094,0.2574,0.4718,0.579750346740638,0.26629680998613037,-0.6823855755894591
1390589876.48,-0.0016,0.013,0.0046,0.4096,0.2576,0.4718,0.579750346740638,0.26629680998613037,-0.6823855755894591
1390589876.49,-0.0014,0.013,0.0048,0.4096,0.2574,0.4718,0.5769764216366158,0.260748959778086,-0.665742024965326
1390589876.49,-0.0014,0.0128,0.0048,0.4092,0.2574,0.4716,0.565880721220527,0.26907073509015256,-0.6879334257975035
1390589876.5,-0.0014,0.013,0.0048,0.4094,0.2574,0.4718,0.565880721220527,0.26907073509015256,-0.6879334257975035
1390589876.51,-0.0014,0.0128,0.0048,0.4094,0.2574,0.4716,0.565880721220527,0.26907073509015256,-0.6879334257975035
1390589876.51,-0.0014,0.0128,0.0046,0.4094,0.2574,0.4716,0.5575589459084604,0.27739251040221913,-0.6740638002773925
1390589876.52,-0.0014,0.0128,0.0046,0.4094,0.2574,0.4718,0.5575589459084604,0.27739251040221913,-0.6740638002773925
1390589876.52,-0.0014,0.013,0.0046,0.4094,0.2574,0.4716,0.5769764216366158,0.260748959778086,-0.6740638002773925
1390589876.53,-0.0014,0.0128,0.0046,0.4096,0.2576,0.4716,0.5769764216366158,0.260748959778086,-0.6740638002773925
1390589876.54,-0.0014,0.0128,0.0046,0.4094,0.2574,0.4714,0.5742024965325936,0.2801664355062413,-0.6629680998613038
1390589876.54,-0.0012,0.0128,0.0046,0.4096,0.2574,0.4716,0.5742024965325936,0.2801664355062413,-0.6629680998613038
1390589876.55,-0.0014,0.0128,0.0046,0.4094,0.2574,0.4716,0.5852981969486823,0.2857142857142857,-0.6685159500693482
1390589876.55,-0.0012,0.0126,0.0048,0.4096,0.2574,0.4714,0.5852981969486823,0.2857142857142857,-0.6685159500693482
1390589876.56,-0.0012,0.0128,0.0048,0.4094,0.2574,0.4716,0.5742024965325936,0.2552011095700416,-0.665742024965326
1390589876.57,-0.0012,0.0128,0.0046,0.4094,0.2574,0.4716,0.5742024965325936,0.2552011095700416,-0.665742024965326
1390589876.57,-0.0012,0.0128,0.0046,0.4094,0.2574,0.4716,0.5742024965325936,0.2552011095700416,-0.665742024965326
1390589876.58,-0.0012,0.0128,0.0048,0.4094,0.2574,0.4716,0.579750346740638,0.2635228848821082,-0.6796116504854369
1390589876.58,-0.0012,0.013,0.0048,0.4092,0.2574,0.4714,0.579750346740638,0.2635228848821082,-0.6796116504854369
1390589876.59,-0.0014,0.013,0.0048,0.4094,0.2574,0.4714,0.579750346740638,0.2801664355062413,-0.6629680998613038
1390589876.6,-0.0014,0.0128,0.0048,0.4094,0.2574,0.4718,0.579750346740638,0.2801664355062413,-0.6629680998613038
1390589876.6,-0.0014,0.0128,0.0048,0.4094,0.2574,0.4716,0.5575589459084604,0.2635228848821082,-0.6768377253814147
1390589876.61,-0.0014,0.0128,0.005,0.4094,0.2574,0.4716,0.5575589459084604,0.2635228848821082,-0.6768377253814147
1390589876.61,-0.0014,0.0128,0.005,0.4094,0.2574,0.4716,0.5880721220527045,0.26629680998613037,-0.6685159500693482
1390589876.62,-0.0012,0.013,0.005,0.4094,0.2574,0.4716,0.5880721220527045,0.26629680998613037,-0.6685159500693482
1390589876.63,-0.0014,0.0128,0.005,0.4092,0.2574,0.4714,0.5880721220527045,0.26629680998613037,-0.6685159500693482
1390589876.63,-0.0014,0.0128,0.0048,0.4094,0.2574,0.4716,0.5880721220527045,0.26629680998613037,-0.6685159500693482
1390589876.66,-0.0016,0.0128,0.0048,0.4094,0.2574,0.4718,0.5852981969486823,0.2829403606102635,-0.6574202496532594
1390589876.67,-0.0016,0.0128,0.0046,0.4092,0.2574,0.4716,0.5825242718446602,0.2801664355062413,-0.6685159500693482
1390589876.67,-0.0016,0.0128,0.0046,0.4092,0.2574,0.4714,0.5825242718446602,0.2801664355062413,-0.6685159500693482
1390589876.68,-0.0018,0.0128,0.0046,0.4092,0.2574,0.4716,0.5686546463245492,0.2801664355062413,-0.6490984743411928
1390589876.69,-0.0016,0.0128,0.0046,0.4092,0.2574,0.4716,0.5686546463245492,0.2801664355062413,-0.6490984743411928
1390589876.69,-0.0016,0.0128,0.0046,0.4096,0.2576,0.4716,0.5686546463245492,0.2801664355062413,-0.6490984743411928
1390589876.7,-0.0014,0.0128,0.0046,0.4096,0.2572,0.4716,0.5769764216366158,0.2857142857142857,-0.6796116504854369
1390589876.7,-0.0014,0.013,0.0048,0.4094,0.2574,0.4718,0.5769764216366158,0.2857142857142857,-0.6796116504854369
1390589876.71,-0.0014,0.0128,0.0048,0.4094,0.2574,0.4716,0.5686546463245492,0.26629680998613037,-0.6796116504854369
1390589876.72,-0.0014,0.0128,0.0048,0.4094,0.2576,0.4716,0.5686546463245492,0.26629680998613037,-0.6796116504854369
1390589876.72,-0.0014,0.013,0.0048,0.4094,0.2574,0.4716,0.5852981969486823,0.2579750346740638,-0.6629680998613038
1390589876.73,-0.0014,0.013,0.0048,0.4094,0.2574,0.4716,0.5852981969486823,0.2579750346740638,-0.6629680998613038
1390589876.73,-0.0014,0.0128,0.005,0.4094,0.2572,0.4714,0.5686546463245492,0.260748959778086,-0.6740638002773925
1390589876.74,-0.0014,0.0128,0.005,0.4094,0.2574,0.4716,0.5686546463245492,0.260748959778086,-0.6740638002773925
1390589876.75,-0.0014,0.0128,0.0048,0.4094,0.2574,0.4714,0.565880721220527,0.2801664355062413,-0.6685159500693482
1390589876.75,-0.0014,0.013,0.005,0.4092,0.2576,0.4716,0.565880721220527,0.2801664355062413,-0.6685159500693482
1390589876.76,-0.0016,0.013,0.0048,0.4094,0.2574,0.4718,0.565880721220527,0.2801664355062413,-0.6685159500693482
1390589876.76,-0.0016,0.0128,0.0048,0.4094,0.2574,0.4714,0.5742024965325936,0.27739251040221913,-0.6601941747572816
1390589876.77,-0.0014,0.0128,0.0048,0.4094,0.2574,0.4716,0.5742024965325936,0.27739251040221913,-0.6601941747572816
1390589876.78,-0.0014,0.0128,0.0046,0.4094,0.2574,0.4716,0.5742024965325936,0.27461858529819694,-0.6629680998613038
1390589876.78,-0.0016,0.0128,0.0046,0.4096,0.2574,0.4716,0.5742024965325936,0.27461858529819694,-0.6629680998613038
1390589876.79,-0.0016,0.013,0.0046,0.4096,0.2574,0.4714,0.5769764216366158,0.2829403606102635,-0.6768377253814147
1390589876.79,-0.0016,0.0132,0.0048,0.4094,0.2574,0.4716,0.5769764216366158,0.2829403606102635,-0.6768377253814147
1390589876.8,-0.0016,0.013,0.0048,0.4094,0.2574,0.4714,0.5714285714285714,0.2829403606102635,-0.6768377253814147
1390589876.8,-0.0016,0.013,0.0048,0.4096,0.2574,0.4714,0.5714285714285714,0.2829403606102635,-0.6768377253814147
1390589876.81,-0.0016,0.013,0.0046,0.4094,0.2574,0.4714,0.5714285714285714,0.2829403606102635,-0.6768377253814147
1390589876.82,-0.0014,0.013,0.0046,0.4094,0.2574,0.4716,0.5714285714285714,0.2829403606102635,-0.6768377253814147
1390589876.82,-0.0016,0.013,0.0048,0.4094,0.2572,0.4716,0.5714285714285714,0.2829403606102635,-0.6768377253814147
1390589876.83,-0.0016,0.013,0.0048,0.4094,0.2574,0.4716,0.5547850208044383,0.27461858529819694,-0.6712898751733704
1390589876.84,-0.0016,0.013,0.0048,0.4092,0.2574,0.4716,0.5880721220527045,0.260748959778086,-0.6740638002773925
1390589876.87,-0.0014,0.0132,0.0048,0.4094,0.2574,0.4716,0.565880721220527,0.27184466019417475,-0.6685159500693482
1390589876.88,-0.0014,0.0132,0.0048,0.4094,0.2574,0.4716,0.565880721220527,0.27184466019417475,-0.6685159500693482
1390589876.89,-0.0014,0.0132,0.0048,0.4094,0.2574,0.4718,0.5880721220527045,0.2884882108183079,-0.6629680998613038
1390589876.89,-0.0014,0.0132,0.0048,0.4094,0.2574,0.4718,0.5714285714285714,0.27739251040221913,-0.6851595006934813
1390589876.9,-0.0014,0.0132,0.0048,0.4094,0.2574,0.4718,0.5714285714285714,0.27739251040221913,-0.6851595006934813
1390589876.91,-0.0012,0.013,0.0048,0.4094,0.2574,0.4718,0.5908460471567267,0.2801664355062413,-0.6768377253814147
1390589876.91,-0.0014,0.013,0.0048,0.4094,0.2574,0.4718,0.5908460471567267,0.2801664355062413,-0.6768377253814147
1390589876.92,-0.0014,0.013,0.005,0.4094,0.2574,0.4716,0.5769764216366158,0.27184466019417475,-0.6685159500693482
1390589876.92,-0.0014,0.013,0.0048,0.4094,0.2574,0.4718,0.5769764216366158,0.27184466019417475,-0.6685159500693482
1390589876.93,-0.0014,0.013,0.0048,0.4094,0.2574,0.4716,0.5714285714285714,0.29403606102635227,-0.6768377253814147
1390589876.94,-0.0014,0.0128,0.0048,0.4096,0.2576,0.4714,0.5714285714285714,0.29403606102635227,-0.6768377253814147
1390589876.94,-0.0014,0.0128,0.0048,0.4096,0.2574,0.4716,0.5714285714285714,0.29403606102635227,-0.6768377253814147
1390589876.95,-0.0014,0.0128,0.0048,0.4094,0.2574,0.4718,0.5686546463245492,0.2524271844660194,-0.6823855755894591
1390589876.96,-0.0014,0.013,0.0046,0.4094,0.2574,0.4716,0.565880721220527,0.27184466019417475,-0.6601941747572816
1390589876.97,-0.0014,0.013,0.0048,0.4096,0.2574,0.4714,0.565880721220527,0.27184466019417475,-0.6601941747572816
1390589876.97,-0.0016,0.013,0.0046,0.4094,0.2574,0.4714,0.5825242718446602,0.260748959778086,-0.6768377253814147
1390589876.98,-0.0016,0.013,0.0046,0.4096,0.2574,0.4714,0.5825242718446602,0.260748959778086,-0.6768377253814147
1390589876.98,-0.0016,0.013,0.0046,0.4094,0.2572,0.4714,0.5631067961165048,0.29403606102635227,-0.6907073509015257
1390589876.99,-0.0016,0.0128,0.0046,0.4096,0.2574,0.4714,0.5631067961165048,0.29403606102635227,-0.6907073509015257
1390589877.0,-0.0014,0.0128,0.0048,0.4096,0.2574,0.4714,0.5631067961165048,0.29403606102635227,-0.6907073509015257
1390589877.0,-0.0014,0.0128,0.0048,0.4094,0.2574,0.4716,0.5686546463245492,0.27739251040221913,-0.6740638002773925
1390589877.01,-0.0014,0.013,0.0048,0.4094,0.2574,0.4716,0.5686546463245492,0.27739251040221913,-0.6740638002773925
1390589877.01,-0.0012,0.013,0.0048,0.4092,0.2574,0.4718,0.565880721220527,0.26629680998613037,-0.6685159500693482
1390589877.02,-0.0014,0.013,0.0048,0.4094,0.2574,0.4718,0.565880721220527,0.26629680998613037,-0.6685159500693482
1390589877.03,-0.0014,0.013,0.0048,0.4094,0.2574,0.4716,0.5742024965325936,0.27461858529819694,-0.6851595006934813
1390589877.03,-0.0014,0.013,0.005,0.4094,0.2574,0.4718,0.5742024965325936,0.27461858529819694,-0.6851595006934813
1390589877.04,-0.0014,0.013,0.005,0.4092,0.2572,0.4716,0.5852981969486823,0.26629680998613037,-0.6740638002773925
1390589877.05,-0.0014,0.013,0.005,0.4092,0.2574,0.4718,0.579750346740638,0.26907073509015256,-0.651872399445215
1390589877.06,-0.0014,0.013,0.005,0.4094,0.2576,0.4718,0.579750346740638,0.26907073509015256,-0.651872399445215
1390589877.08,-0.0016,0.013,0.0048,0.4092,0.2574,0.4716,0.5742024965325936,0.2579750346740638,-0.6796116504854369
1390589877.09,-0.0014,0.013,0.0048,0.4096,0.2574,0.4714,0.5742024965325936,0.2579750346740638,-0.6796116504854369
1390589877.1,-0.0014,0.013,0.0048,0.4096,0.2572,0.4712,0.5631067961165048,0.2524271844660194,-0.665742024965326
1390589877.1,-0.0012,0.013,0.005,0.4094,0.2572,0.4714,0.5880721220527045,0.2801664355062413,-0.665742024965326
1390589877.11,-0.0012,0.013,0.0048,0.4094,0.2574,0.4714,0.5880721220527045,0.2801664355062413,-0.665742024965326
1390589877.12,-0.0014,0.013,0.005,0.4094,0.2574,0.4714,0.5769764216366158,0.2884882108183079,-0.6712898751733704
1390589877.12,-0.0014,0.013,0.005,0.4094,0.2574,0.4716,0.5769764216366158,0.2884882108183079,-0.6712898751733704
1390589877.13,-0.0014,0.013,0.0048,0.4094,0.2572,0.4716,0.5769764216366158,0.2884882108183079,-0.6712898751733704
1390589877.13,-0.0014,0.013,0.0048,0.4094,0.2574,0.4718,0.5742024965325936,0.27184466019417475,-0.6601941747572816
1390589877.14,-0.0014,0.013,0.0048,0.4094,0.2576,0.4718,0.5742024965325936,0.27184466019417475,-0.6601941747572816
1390589877.15,-0.0014,0.013,0.0048,0.4094,0.2574,0.4718,0.5769764216366158,0.26629680998613037,-0.6740638002773925
1390589877.15,-0.0014,0.013,0.0048,0.4096,0.2576,0.4718,0.5769764216366158,0.26629680998613037,-0.6740638002773925
1390589877.16,-0.0014,0.0132,0.0048,0.4094,0.2574,0.4718,0.5769764216366158,0.26629680998613037,-0.6601941747572816
1390589877.17,-0.0014,0.013,0.005,0.4092,0.2574,0.4718,0.579750346740638,0.2801664355062413,-0.665742024965326
1390589877.17,-0.0014,0.013,0.005,0.4092,0.2574,0.4716,0.579750346740638,0.2801664355062413,-0.665742024965326
1390589877.18,-0.0014,0.013,0.005,0.4094,0.2574,0.4718,0.579750346740638,0.2801664355062413,-0.665742024965326
1390589877.19,-0.0016,0.0128,0.005,0.4092,0.2574,0.4716,0.5742024965325936,0.26907073509015256,-0.6768377253814147
1390589877.19,-0.0018,0.0128,0.0048,0.4094,0.2574,0.4718,0.5742024965325936,0.26907073509015256,-0.6768377253814147
1390589877.21,-0.0016,0.0128,0.005,0.4092,0.2574,0.4718,0.5936199722607489,0.2524271844660194,-0.6768377253814147
1390589877.22,-0.0018,0.0128,0.005,0.4094,0.2574,0.4718,0.5936199722607489,0.2524271844660194,-0.6768377253814147
1390589877.22,-0.0018,0.0128,0.005,0.4094,0.2574,0.4716,0.5880721220527045,0.2912621359223301,-0.6685159500693482
1390589877.23,-0.0016,0.013,0.0048,0.4094,0.2574,0.4716,0.5880721220527045,0.2912621359223301,-0.6685159500693482
1390589877.23,-0.0016,0.0128,0.005,0.4094,0.2574,0.4716,0.5631067961165048,0.26907073509015256,-0.6712898751733704
1390589877.24,-0.0016,0.0128,0.005,0.4096,0.2576,0.4716,0.5631067961165048,0.26907073509015256,-0.6712898751733704
1390589877.25,-0.0016,0.013,0.0048,0.4096,0.2574,0.4716,0.5631067961165048,0.26907073509015256,-0.6712898751733704
1390589877.26,-0.0016,0.013,0.0048,0.4094,0.2572,0.4716,0.5631067961165048,0.27184466019417475,-0.665742024965326
1390589877.29,-0.0016,0.0132,0.0048,0.4094,0.2572,0.4714,0.5603328710124826,0.2579750346740638,-0.6796116504854369
1390589877.29,-0.0016,0.013,0.0048,0.4092,0.2572,0.4714,0.5603328710124826,0.2579750346740638,-0.6796116504854369
1390589877.31,-0.0016,0.013,0.005,0.4092,0.2572,0.4714,0.5686546463245492,0.27184466019417475,-0.6629680998613038
1390589877.31,-0.0016,0.0128,0.005,0.4092,0.2574,0.4716,0.5686546463245492,0.27184466019417475,-0.6629680998613038
1390589877.32,-0.0016,0.0128,0.0052,0.4092,0.2572,0.4714,0.5714285714285714,0.27461858529819694,-0.651872399445215
1390589877.32,-0.0016,0.013,0.0052,0.4094,0.2574,0.4716,0.5714285714285714,0.27461858529819694,-0.651872399445215
1390589877.33,-0.0016,0.013,0.005,0.4092,0.2574,0.4716,0.5742024965325936,0.26907073509015256,-0.6740638002773925
1390589877.34,-0.0016,0.0132,0.005,0.4092,0.2574,0.4716,0.5742024965325936,0.26907073509015256,-0.6740638002773925
1390589877.34,-0.0016,0.013,0.0048,0.4092,0.2574,0.4716,0.5603328710124826,0.2801664355062413,-0.6685159500693482
1390589877.35,-0.0014,0.013,0.0048,0.4092,0.2574,0.4716,0.5603328710124826,0.2801664355062413,-0.6685159500693482
1390589877.35,-0.0014,0.013,0.0048,0.4092,0.2572,0.4714,0.5714285714285714,0.260748959778086,-0.6685159500693482
1390589877.37,-0.0016,0.013,0.005,0.4094,0.2574,0.4716,0.5714285714285714,0.260748959778086,-0.6685159500693482
1390589877.38,-0.0016,0.013,0.005,0.4096,0.2574,0.4716,0.5686546463245492,0.27184466019417475,-0.6962552011095701
1390589877.38,-0.0016,0.0132,0.0048,0.4096,0.2574,0.4716,0.5908460471567267,0.2524271844660194,-0.6934812760055479
1390589877.39,-0.0016,0.013,0.005,0.4096,0.2574,0.4718,0.5908460471567267,0.2524271844660194,-0.6934812760055479
1390589877.4,-0.0018,0.0128,0.0048,0.4094,0.2574,0.4718,0.5769764216366158,0.2829403606102635,-0.6740638002773925
1390589877.42,-0.0018,0.013,0.005,0.4094,0.2574,0.4718,0.5963938973647711,0.260748959778086,-0.6712898751733704
1390589877.43,-0.0016,0.0128,0.0048,0.4094,0.2574,0.4718,0.5963938973647711,0.260748959778086,-0.6712898751733704
1390589877.43,-0.0016,0.0128,0.005,0.4094,0.2576,0.4718,0.5963938973647711,0.260748959778086,-0.6712898751733704
1390589877.44,-0.0016,0.0128,0.0048,0.4094,0.2576,0.4718,0.5631067961165048,0.2829403606102635,-0.6629680998613038
1390589877.44,-0.0018,0.0128,0.0048,0.4094,0.2574,0.4718,0.5631067961165048,0.2829403606102635,-0.6629680998613038
1390589877.45,-0.0018,0.0128,0.0048,0.4094,0.2574,0.4716,0.565880721220527,0.27461858529819694,-0.6601941747572816
1390589877.46,-0.0018,0.0128,0.0048,0.4096,0.2574,0.4718,0.565880721220527,0.27461858529819694,-0.6601941747572816
1390589877.47,-0.0016,0.0128,0.005,0.4094,0.2574,0.4718,0.565880721220527,0.2829403606102635,-0.6629680998613038
1390589877.5,-0.0018,0.013,0.005,0.4096,0.2574,0.4716,0.5603328710124826,0.260748959778086,-0.6712898751733704
1390589877.5,-0.0018,0.013,0.0048,0.4094,0.2574,0.4718,0.5936199722607489,0.26629680998613037,-0.6768377253814147
1390589877.52,-0.0018,0.013,0.0046,0.4096,0.2574,0.4716,0.5963938973647711,0.260748959778086,-0.6712898751733704
1390589877.52,-0.0018,0.0132,0.0046,0.4096,0.2576,0.4716,0.5963938973647711,0.260748959778086,-0.6712898751733704
1390589877.53,-0.0018,0.013,0.0048,0.4096,0.2574,0.4714,0.5742024965325936,0.2635228848821082,-0.6796116504854369
1390589877.53,-0.0018,0.013,0.005,0.4096,0.2574,0.4716,0.5742024965325936,0.2635228848821082,-0.6796116504854369
1390589877.54,-0.0016,0.0132,0.0048,0.4096,0.2574,0.4716,0.5686546463245492,0.2579750346740638,-0.6601941747572816
1390589877.55,-0.0016,0.013,0.0048,0.4096,0.2574,0.4714,0.5686546463245492,0.2579750346740638,-0.6601941747572816
1390589877.55,-0.0016,0.013,0.005,0.4096,0.2574,0.4716,0.5686546463245492,0.2579750346740638,-0.6601941747572816
1390589877.56,-0.0016,0.013,0.005,0.4094,0.2574,0.4716,0.5908460471567267,0.2857142857142857,-0.6685159500693482
1390589877.56,-0.0014,0.013,0.005,0.4096,0.2574,0.4714,0.5908460471567267,0.2857142857142857,-0.6685159500693482
1390589877.57,-0.0014,0.013,0.005,0.4096,0.2574,0.4714,0.5686546463245492,0.2635228848821082,-0.6574202496532594
1390589877.58,-0.0014,0.013,0.005,0.4096,0.2574,0.4716,0.5686546463245492,0.2635228848821082,-0.6574202496532594
1390589877.58,-0.0014,0.013,0.005,0.4094,0.2572,0.4716,0.5769764216366158,0.24687933425797504,-0.6768377253814147
1390589877.59,-0.0014,0.0128,0.005,0.4092,0.2574,0.4718,0.5631067961165048,0.2635228848821082,-0.6823855755894591
1390589877.6,-0.0016,0.013,0.005,0.4092,0.2574,0.4716,0.5631067961165048,0.2635228848821082,-0.6823855755894591
1390589877.61,-0.0014,0.013,0.0052,0.409,0.2574,0.4718,0.5742024965325936,0.2884882108183079,-0.6629680998613038
1390589877.61,-0.0016,0.0128,0.0052,0.4092,0.2574,0.4718,0.5742024965325936,0.2884882108183079,-0.6629680998613038
1390589877.62,-0.0014,0.013,0.0052,0.4092,0.2576,0.4718,0.5742024965325936,0.2884882108183079,-0.6629680998613038
1390589877.62,-0.0016,0.013,0.005,0.409,0.2574,0.4718,0.5631067961165048,0.2857142857142857,-0.6768377253814147
1390589877.63,-0.0014,0.013,0.0052,0.409,0.2574,0.4718,0.5631067961165048,0.2857142857142857,-0.6768377253814147
1390589877.63,-0.0014,0.0128,0.0052,0.4092,0.2574,0.4718,0.5769764216366158,0.27739251040221913,-0.6601941747572816
1390589877.64,-0.0016,0.0128,0.005,0.4094,0.2576,0.472,0.5769764216366158,0.27739251040221913,-0.6601941747572816
1390589877.66,-0.0016,0.0128,0.0048,0.4094,0.2574,0.4718,0.565880721220527,0.2857142857142857,-0.6740638002773925
1390589877.66,-0.0016,0.0128,0.0048,0.4094,0.2574,0.4718,0.565880721220527,0.2857142857142857,-0.6740638002773925
1390589877.68,-0.0016,0.0126,0.005,0.4096,0.2574,0.4716,0.565880721220527,0.2857142857142857,-0.6740638002773925
1390589877.71,-0.0016,0.0128,0.005,0.4096,0.2576,0.4716,0.5742024965325936,0.2635228848821082,-0.6823855755894591
1390589877.71,-0.0016,0.0128,0.005,0.4096,0.2574,0.4716,0.5631067961165048,0.260748959778086,-0.6629680998613038
1390589877.72,-0.0016,0.013,0.005,0.4096,0.2574,0.4714,0.5631067961165048,0.2635228848821082,-0.6685159500693482
1390589877.74,-0.0016,0.013,0.005,0.4096,0.2574,0.4714,0.5631067961165048,0.2635228848821082,-0.6685159500693482
1390589877.74,-0.0016,0.013,0.005,0.4096,0.2574,0.4712,0.5769764216366158,0.2912621359223301,-0.6851595006934813
1390589877.75,-0.0014,0.013,0.0052,0.4094,0.2574,0.4716,0.5769764216366158,0.2912621359223301,-0.6851595006934813
1390589877.75,-0.0014,0.013,0.0052,0.4092,0.257,0.4716,0.565880721220527,0.27184466019417475,-0.6629680998613038
1390589877.76,-0.0016,0.0128,0.0052,0.4092,0.2572,0.4718,0.565880721220527,0.27184466019417475,-0.6629680998613038
1390589877.77,-0.0016,0.0128,0.0052,0.409,0.2574,0.4714,0.5686546463245492,0.2912621359223301,-0.6629680998613038
1390589877.77,-0.0016,0.0128,0.0052,0.4086,0.2572,0.4716,0.5686546463245492,0.2912621359223301,-0.6629680998613038
1390589877.78,-0.0016,0.0128,0.0052,0.4084,0.2572,0.4714,0.5714285714285714,0.26907073509015256,-0.6740638002773925
1390589877.78,-0.0016,0.0128,0.0052,0.4086,0.2572,0.4716,0.5714285714285714,0.26907073509015256,-0.6740638002773925
1390589877.8,-0.0016,0.0128,0.0052,0.4084,0.2572,0.471,0.5769764216366158,0.26629680998613037,-0.6796116504854369
1390589877.81,-0.0016,0.013,0.005,0.4084,0.2572,0.4708,0.565880721220527,0.2857142857142857,-0.6601941747572816
1390589877.81,-0.0016,0.013,0.005,0.4082,0.2574,0.4714,0.565880721220527,0.2857142857142857,-0.6601941747572816
1390589877.82,-0.0016,0.013,0.0048,0.4082,0.2568,0.4716,0.5714285714285714,0.2829403606102635,-0.6851595006934813
1390589877.83,-0.0018,0.013,0.0048,0.409,0.2572,0.4716,0.5714285714285714,0.2829403606102635,-0.6851595006934813
1390589877.83,-0.002,0.013,0.0048,0.4094,0.2572,0.4714,0.5603328710124826,0.2635228848821082,-0.6629680998613038
1390589877.84,-0.002,0.0128,0.0048,0.4094,0.2574,0.4716,0.5603328710124826,0.2635228848821082,-0.6629680998613038
1390589877.84,-0.002,0.0128,0.005,0.4096,0.2574,0.4716,0.5991678224687933,0.2801664355062413,-0.6823855755894591
1390589877.85,-0.002,0.0128,0.0048,0.4106,0.2574,0.472,0.5991678224687933,0.2801664355062413,-0.6823855755894591
1390589877.86,-0.0022,0.0128,0.0046,0.411,0.258,0.472,0.5991678224687933,0.2801664355062413,-0.6823855755894591
1390589877.87,-0.002,0.0128,0.0048,0.4108,0.2578,0.4722,0.5686546463245492,0.27184466019417475,-0.6601941747572816
1390589877.87,-0.0022,0.0128,0.0048,0.411,0.258,0.472,0.565880721220527,0.27739251040221913,-0.6740638002773925
1390589877.89,-0.002,0.0128,0.0048,0.411,0.2578,0.4722,0.5852981969486823,0.2552011095700416,-0.6990291262135923
1390589877.92,-0.0016,0.013,0.0048,0.4096,0.2578,0.472,0.5769764216366158,0.26907073509015256,-0.6712898751733704
1390589877.93,-0.0014,0.013,0.0048,0.4092,0.2574,0.4724,0.565880721220527,0.2829403606102635,-0.6796116504854369
1390589877.94,-0.0012,0.0132,0.0048,0.4088,0.2574,0.4722,0.5742024965325936,0.2801664355062413,-0.6823855755894591
1390589877.95,-0.0014,0.013,0.0048,0.409,0.2576,0.4724,0.5742024965325936,0.2801664355062413,-0.6823855755894591
1390589877.95,-0.0012,0.013,0.0048,0.409,0.2576,0.4722,0.5742024965325936,0.27739251040221913,-0.6685159500693482
1390589877.96,-0.0014,0.013,0.0046,0.4088,0.2578,0.4722,0.5742024965325936,0.27739251040221913,-0.6685159500693482
1390589877.96,-0.0012,0.013,0.0046,0.4082,0.2574,0.4724,0.5908460471567267,0.2857142857142857,-0.6768377253814147
1390589877.97,-0.001,0.013,0.0048,0.4084,0.2574,0.4724,0.5908460471567267,0.2857142857142857,-0.6768377253814147
1390589877.98,-0.0012,0.013,0.0048,0.4084,0.2574,0.4722,0.5686546463245492,0.26629680998613037,-0.6907073509015257
1390589877.98,-0.0012,0.0132,0.0048,0.4082,0.2574,0.472,0.5686546463245492,0.26629680998613037,-0.6907073509015257
1390589877.99,-0.0012,0.013,0.005,0.4084,0.2576,0.4718,0.5686546463245492,0.26629680998613037,-0.6907073509015257
1390589877.99,-0.0012,0.013,0.005,0.4084,0.257,0.4716,0.5575589459084604,0.26907073509015256,-0.6740638002773925
1390589878.0,-0.0014,0.013,0.005,0.4086,0.257,0.4716,0.5575589459084604,0.26907073509015256,-0.6740638002773925
1390589878.01,-0.0016,0.013,0.0048,0.4086,0.2572,0.471,0.5769764216366158,0.27184466019417475,-0.6685159500693482
1390589878.03,-0.0016,0.0132,0.0048,0.409,0.257,0.4704,0.5769764216366158,0.2635228848821082,-0.6601941747572816
1390589878.03,-0.0016,0.0132,0.005,0.4092,0.2568,0.4704,0.5769764216366158,0.2635228848821082,-0.6601941747572816
1390589878.05,-0.0016,0.013,0.005,0.4092,0.2568,0.4702,0.5825242718446602,0.2801664355062413,-0.6851595006934813
1390589878.05,-0.0016,0.013,0.005,0.4094,0.2572,0.4704,0.5825242718446602,0.2801664355062413,-0.6851595006934813
1390589878.06,-0.0016,0.013,0.0048,0.4096,0.257,0.4704,0.5769764216366158,0.27184466019417475,-0.6601941747572816
1390589878.06,-0.0016,0.013,0.005,0.41,0.257,0.471,0.5769764216366158,0.27184466019417475,-0.6601941747572816
1390589878.07,-0.0018,0.013,0.005,0.41,0.2572,0.471,0.5769764216366158,0.26629680998613037,-0.6823855755894591
1390589878.08,-0.0016,0.013,0.005,0.4102,0.2576,0.4714,0.5769764216366158,0.26629680998613037,-0.6823855755894591
1390589878.08,-0.0016,0.0132,0.005,0.4102,0.2576,0.4714,0.5880721220527045,0.27461858529819694,-0.6740638002773925
1390589878.09,-0.0018,0.0132,0.005,0.4104,0.2574,0.4718,0.5880721220527045,0.27461858529819694,-0.6740638002773925
1390589878.09,-0.0018,0.0132,0.0048,0.4104,0.2576,0.4722,0.5852981969486823,0.26629680998613037,-0.665742024965326
1390589878.12,-0.0016,0.0132,0.005,0.41,0.258,0.4728,0.579750346740638,0.2857142857142857,-0.6796116504854369
1390589878.13,-0.0016,0.0132,0.005,0.41,0.2578,0.4726,0.579750346740638,0.2857142857142857,-0.6796116504854369
1390589878.14,-0.0014,0.0132,0.005,0.4096,0.2578,0.4724,0.5686546463245492,0.2635228848821082,-0.6796116504854369
1390589878.15,-0.0014,0.0132,0.005,0.4094,0.2578,0.4724,0.5742024965325936,0.2912621359223301,-0.6768377253814147
1390589878.15,-0.0014,0.0132,0.0052,0.4092,0.2576,0.4724,0.5742024965325936,0.2912621359223301,-0.6768377253814147
1390589878.17,-0.0014,0.0132,0.005,0.409,0.2574,0.472,0.5908460471567267,0.2524271844660194,-0.665742024965326
1390589878.17,-0.0016,0.0132,0.005,0.409,0.2574,0.4722,0.5908460471567267,0.2524271844660194,-0.665742024965326
1390589878.18,-0.0016,0.0132,0.005,0.409,0.2574,0.4718,0.5769764216366158,0.2829403606102635,-0.6851595006934813
1390589878.18,-0.0016,0.0132,0.005,0.409,0.2574,0.4718,0.5769764216366158,0.2829403606102635,-0.6851595006934813
1390589878.19,-0.0016,0.0132,0.005,0.4088,0.2574,0.4718,0.5852981969486823,0.260748959778086,-0.6685159500693482
1390589878.2,-0.0016,0.013,0.0048,0.409,0.2572,0.472,0.5852981969486823,0.260748959778086,-0.6685159500693482
1390589878.2,-0.0016,0.013,0.0048,0.4088,0.2574,0.4714,0.6019417475728155,0.27184466019417475,-0.7018030513176144
